Title,URL,Date
What Is Data Scraping And How Can You Use It? | Target Internet,https://www.targetinternet.com/what-is-data-scraping-and-how-can-you-use-it/,"Sep 13, 2017 - Uploaded by Lucy Provost"
Web Scraping Tutorial - How to Scrape Modern Websites for Data ...,https://www.youtube.com/watch?v=vsmxMLmroyQ,"Mar 10, 2017 - Uploaded by Fullstack Academy"
What is DATA SCRAPING? What does DATA SCRAPING mean ...,https://www.youtube.com/watch?v=omTtMylcWOI,"Sep 21, 2017 - Uploaded by The Audiopedia"
Web scraping in Python (Part 1): Getting started - YouTube,https://www.youtube.com/watch?v=r_xb0vF1uMc,"Aug 11, 2017 - Uploaded by Data School"
Extract Data from any Website using Data Scraper - Easy Web ...,https://www.youtube.com/watch?v=B7yyemwCf7g,"Nov 10, 2017 - Uploaded by ITfriend"
Web Scraping Explained - WebHarvy,https://www.webharvy.com/articles/what-is-web-scraping.html,"Jan 14, 2017"
Intro To Web Scraping With Python - YouTube,https://www.youtube.com/watch?v=4UcqECQe5Kc,"Jul 29, 2018 - Uploaded by Traversy Media"
What is WEB SCRAPING? What does WEB SCRAPING mean? WEB ...,https://www.youtube.com/watch?v=7IUfRVYew-o,"Jan 20, 2017 - Uploaded by The Audiopedia"
"What is web scraping - Octoparse, your first web scraper! - YouTube",https://www.youtube.com/watch?v=xBBAD407zzU,"Jun 2, 2016 - Uploaded by Octoparse"
"Data Scraping from websites into Excel | Web Scraping, Lead ...",https://www.youtube.com/watch?v=YQbe20G0ZSM,"Jan 6, 2018 - Uploaded by Web Scraping Service"
5 Best Web Scraping Tools In 2019! - YouTube,https://www.youtube.com/watch?v=QbkXCkcmHJI,"Apr 8, 2019 - Uploaded by Octoparse"
Web Scraping Tutorial - How to Seed your Database with Web ...,https://www.youtube.com/watch?v=_opDs6UPDyo,"Mar 9, 2017 - Uploaded by Fullstack Academy"
How To Scrape Web Data- The Basics (Webinar) - YouTube,https://www.youtube.com/watch?v=d5LVB17Ti4E,"Feb 15, 2018 - Uploaded by MozendaSupport"
Intro to Web Scraping with Python and Beautiful Soup - YouTube,https://www.youtube.com/watch?v=XQgXKtPSzUI,"Jan 7, 2017 - Uploaded by Data Science Dojo"
Data Scraping and Mining From Websites Free No Coding Required ...,https://www.youtube.com/watch?v=CKRjXZSgg-g,"Feb 21, 2017 - Uploaded by Just2 Techno"
AI-Powered Website Scraper Tool & Web Data Scraping | ScrapeStorm,https://www.scrapestorm.com/?type=product,"Jan 26, 2019"
What is Data Scraping | Scraping Data From the Web | Treehouse,https://teamtreehouse.com/library/what-is-data-scraping,"Aug 23, 2018"
WEB SCRAPING WITH SCRAPY - INTRODUCTION AND SETUP ...,https://www.youtube.com/watch?v=yWRkc_E9CYg,"Feb 9, 2018 - Uploaded by SuperDataScience"
How to Automate Data Scraping using Excel Macros - YouTube,https://www.youtube.com/watch?v=vnIsNa4de7M,"Aug 6, 2018 - Uploaded by Automation Made Easy"
Web Scraping in seconds! - Listly,https://www.listly.io/?ref=producthunt,"Dec 6, 2018 - Uploaded by Listly Hello"
Interworks - Scraping Web Data with Alteryx - Inspire 2017 - YouTube,https://www.youtube.com/watch?v=mX6Di7bfV8M,"Jul 6, 2017 - Uploaded by Alteryx"
Grepsr for Chrome | The Best Web Scraping Tool Since Kimono,https://www.grepsr.com/chrome-extension/,"Jun 20, 2017"
Automated Web Scraping in R using rvest - YouTube,https://www.youtube.com/watch?v=NwtxrbqE2Gc,"Feb 15, 2019 - Uploaded by Data Science Dojo"
Free Web Scraping Tool _ Octoparse 7.X Overview - YouTube,https://www.youtube.com/watch?v=G2f4d9h-i18,"May 22, 2018 - Uploaded by Octoparse"
Web Scraping in seconds! - Listly,https://www.listly.io/?source=user_profile---------------------------,"Dec 6, 2018 - Uploaded by Listly Hello"
HowToDataScience : Scraping Facebook Data - YouTube,https://www.youtube.com/watch?v=yyT-e39nYcw,"May 29, 2018 - Uploaded by ritvikmath"
Web scraping in Python (Part 3): Building a dataset - YouTube,https://www.youtube.com/watch?v=v5DDW5dyfyc,"Aug 11, 2017 - Uploaded by Data School"
Web Scraping Tool - Agenty,https://www.agenty.com/products/scraping-agent/,"Jul 30, 2018 - Uploaded by Agenty"
Web scraping in Python (Part 4): Exporting a CSV with pandas ...,https://www.youtube.com/watch?v=Zh2fkZ-uzBU,"Aug 11, 2017 - Uploaded by Data School"
How To Stop Web Scraping & Data Scraping - Distil Networks,https://www.distilnetworks.com/web-scraping/,"Jul 9, 2017 - Uploaded by Distil Networks"
web scraping using python for beginners - YouTube,https://www.youtube.com/watch?v=0_VZ7NpVw1Y,"Feb 14, 2018 - Uploaded by Hitesh Choudhary"
About Scrapinghub - The World's Leading Web Scraping Experts,https://scrapinghub.com/about,"Nov 21, 2018"
Introduction To Web Scraping (with Python and Beautiful Soup) on ...,https://vimeo.com/209499033,"Mar 21, 2017 - Uploaded by Data Science Dojo"
How to scrape Historical Twitter Data using Web Scraper and Chrome,https://www.scrapehero.com/how-to-scrape-historical-search-data-from-twitter/,"Oct 24, 2018 - Uploaded by ScrapeHero"
Data Scraping Services | F6S,https://www.f6s.com/datascrapingservices,"Jan 8, 2017"
Data Analysis & Reports - Data Mining/Scraping | Fiverr,https://www.fiverr.com/categories/programming-tech/data-analysis-services/data-mining-scraping,"Sep 9, 2016"
Web Scraping in seconds! - Listly,https://www.listly.io/?ref=betalist,"Dec 6, 2018 - Uploaded by Listly Hello"
Jobs & Careers at Scrapinghub - Join Our Talented Team,https://scrapinghub.com/jobs,"May 18, 2019"
How To Scrape Web Data – The Basics (Webinar) - Mozenda,https://www.mozenda.com/webinar-video-scrape-web-data-basics/,"Feb 15, 2018 - Uploaded by MozendaSupport"
Automate Data Scraping and Extraction | Automation Software,https://www.helpsystems.com/product-lines/automate/data-scraping-extraction,"Dec 8, 2016"
HowToDataScience : Scraping Twitter Data - YouTube,https://www.youtube.com/watch?v=Ou_floKQqd8,"Jun 19, 2018 - Uploaded by ritvikmath"
About ParseHub - the free web scraping program,https://www.parsehub.com/intro,"Feb 10, 2015 - Uploaded by Serge Toarca"
PyVideo.org · Introduction to Web (and data!) Scraping with Python,https://pyvideo.org/pycon-us-2014/introduction-to-web-and-data-scraping-with-pyt.html,"Apr 12, 2014 - Uploaded by PyCon 2014"
Web Scraping vs API - Web Data Extraction - Grepsr,https://www.grepsr.com/web-scraping-vs-api/,"Dec 12, 2013 - Uploaded by grepsr"
Scraping Web Data Up To 500% Faster Just Got Easier - Mozenda,https://www.mozenda.com/scrape-web-data-faster-with-job-sequencer-request-blocker-and-java-script-action/,"Nov 6, 2017 - Uploaded by MozendaSupport"
Octoparse 7.0 – a free web scraping tool for non-developers,http://scraping.pro/octoparse-7-0-free-web-scraping-tool-for-non-developers/,"Jun 1, 2018 - Uploaded by Octoparse"
Data Extraction - Web Scraping Tool & Free Web Crawlers for Data ...,https://www.octoparse.com/DataExtraction,"Nov 14, 2017 - Uploaded by Octoparse"
3 Resources to Help You Scrape the Web for Candidate Data ...,https://www.sourcecon.com/3-resources-to-help-you-scrape-the-web-for-candidate-data/,"Nov 18, 2014 - Uploaded by ERE Media Videos"
Data scraping from single pages | Octoparse,https://www.octoparse.com/tutorial/single-page-web-scraping-octoparse,"Mar 14, 2016 - Uploaded by Octoparse"
Automate Web Data Scraping | HelpSystems,https://www.helpsystems.com/blog/automate-data-web-scraping,"Apr 3, 2017"
Crawlera - The World's Smartest Online Proxy Web Scraping Network,https://scrapinghub.com/crawlera,"May 18, 2019"
Data scraping from details of Lists/tables in web pages | Octoparse,https://www.octoparse.com/tutorial/list-detail-page-introduction,"Mar 9, 2016 - Uploaded by Octoparse"
Automated Web Scraping in R: Writing your Script - YouTube,https://www.youtube.com/watch?v=smriIBG08ok,"Dec 20, 2018 - Uploaded by Data Science Dojo"
Data scraping from URLs in web pages | Octoparse,https://www.octoparse.com/tutorial/urls-introduction,"Mar 14, 2016 - Uploaded by Octoparse"
Automated Web Scraping in R: Writing your Script on Vimeo,https://vimeo.com/307400705,"Dec 19, 2018 - Uploaded by Data Science Dojo"
6 Misunderstandings About Web Scraping - Scraping Authority,http://scrapingauthority.com/web-scraping-misunderstandings,"Nov 26, 2017 - Uploaded by Scraping Authority"
Web Scraper Software & Tools - Mozenda,https://www.mozenda.com/software/,"Nov 19, 2013"
Hire Freelance Web scraping Developers with CodementorX® - May ...,https://www.codementor.io/freelance-developers/web-scraping,"Apr 30, 2019"
Creating a horse racing Tableau dashboard from data scraping ...,https://www.import.io/post/data-scraping-horse-racing/,"Apr 13, 2018 - Uploaded by craigsdewar"
4 Important Questions when Scoping your Web Scraping Project | Grepsr,https://www.grepsr.com/4-important-questions-when-scoping-your-web-scraping-project-a5b74d01d260/,"Nov 21, 2017 - Uploaded by grepsr"
Price Scraping And Product Data Scraping Are Rampant | Distil ...,https://resources.distilnetworks.com/all-blog-posts/price-scraping,"Aug 28, 2017 - Uploaded by Distil Networks"
How to Scrape Product Data from eBay - eBay Scraper - ScrapeStorm,https://www.scrapestorm.com/tutorial/how-to-scrape-product-data-from-ebay/,"Mar 1, 2019 - Uploaded by Scraping Tutorial"
Automated Web Scraping in R on Vimeo,https://vimeo.com/317370622,"Feb 14, 2019 - Uploaded by Data Science Dojo"
Web scraping services - turn websites into spreadsheets | Teoalida ...,https://www.teoalida.com/database/webscraping/,"Jan 10, 2019 - Uploaded by Teoalida"
Web Scraper | Helium Scraper | Home,https://www.heliumscraper.com/eng/,"Oct 8, 2018"
Grepsr Concierge | Web Data Scraping Services | Grepsr,https://www.grepsr.com/services/,"Mar 21, 2017 - Uploaded by grepsr"
Web Scraping For Competitive Pricing Analysis - Mozenda,https://www.mozenda.com/amsoil-case-study/,"Nov 10, 2018"
Data and Web Scraping – Leads4contact | Leads Generation Agency,http://leads4contact.com/data-and-web-scraping,"Sep 10, 2014"
Octoparse - a scraping tool designed for non-programmers,http://scraping.pro/octoparse-scraping-tool-designed-non-programmers/,"Aug 31, 2017 - Uploaded by Octoparse"
Use Web Scraper to Extract Information from LinkedIn Public Data 2 ...,https://www.octoparse.com/tutorial/extract-information-from-linkedin-public-data-2,"Jun 27, 2016 - Uploaded by Octoparse"
Data scraping from Lists/tables of web pages | Octoparse,https://www.octoparse.com/tutorial/listtable-page-introduction,"Jun 23, 2016 - Uploaded by Octoparse"
Practical Introduction to Web Scraping in R | R-bloggers,https://www.r-bloggers.com/practical-introduction-to-web-scraping-in-r/,"Apr 10, 2019 - Uploaded by Rsquared Academy"
Scraping Business Directories - Data Miner,https://data-miner.io/quick-guides/persona-business,"Feb 12, 2019 - Uploaded by Data Miner"
Understanding the Concept of Web Scraping or Data Extraction,http://houseofbots.com/news-detail/3219-1-understanding-the-concept-of-web-scraping-or-data-extraction,"Jul 9, 2018 - Uploaded by edureka!"
Web Scraping Data - ISO FileMaker Magazine,https://www.filemakermagazine.com/videos/web-scraping-data,"Sep 2, 2017"
Practical Introduction to Web Scraping in R - Rsquared Academy Blog,https://blog.rsquaredacademy.com/web-scraping/,"Apr 11, 2019 - Uploaded by Rsquared Academy"
Data Scraping Use Cases From The Fortune 500 - Mozenda,https://www.mozenda.com/use-cases/,"Sep 29, 2018"
Automated Web Scraping in R: Scheduling your Script on Vimeo,https://vimeo.com/319134451,"Feb 22, 2019 - Uploaded by Data Science Dojo"
LinkedIn loses legal right to protect user data from AI scraping - TNW,https://thenextweb.com/artificial-intelligence/2017/08/15/linkedin-loses-legal-right-to-protect-user-data-from-ai-scraping/,"Aug 14, 2017"
Web Scraping - Research-IT,https://research-it.wharton.upenn.edu/data/webscraping/,"Jul 8, 2010 - Uploaded by MozendaSupport"
PDF Data Scraping - PDFix.net | Making the PDF World Responsive ...,https://pdfix.net/features/pdf-data-scraping/,"Jul 24, 2018 - Uploaded by Team PDFix"
Web Scraping & Data Extraction Services - Mozenda,https://www.mozenda.com/services/,"Mar 2, 2019"
Data Scraping Studio - Point and click screen scraping tool using CSS ...,https://www.producthunt.com/posts/data-scraping-studio,"Jan 18, 2016"
Hire Freelance Data scraping Developers with CodementorX® - Apr ...,https://www.codementor.io/freelance-developers/data-scraping,"Jan 20, 2019"
How to Scrape Data by Searching Multiple Keywords on A Website ...,https://www.octoparse.com/tutorial/how-to-scrape-data-by-searching-multiple-keywords-on-a-website,"Apr 27, 2016"
Scraping Contact Info - Data Miner,https://data-miner.io/quick-guides/persona-contact-info,"Feb 11, 2019 - Uploaded by Data Miner"
Web Scraper Is Key To E-commerce Leader's Success - Mozenda,https://www.mozenda.com/xt-outfitters-case-study/,"Sep 29, 2018"
How to Scrape Restaurant Data from Yelp - Yelp Scraper - ScrapeStorm,https://www.scrapestorm.com/tutorial/how-to-scrape-restaurant-details-from-yelp/,"Mar 7, 2019 - Uploaded by Scraping Tutorial"
Introduction to Web Scraping | Online Alteryx Training | Kubicle,https://kubicle.com/learn/alteryx/introduction-to-web-scraping,"Dec 12, 2018"
Web Scraping: Gathering Data Without Disruption | ShipStation ...,https://www.shipstation.com/webinars/web-scraping-gathering-data-without-disruption/,"Sep 19, 2018"
Raven Tools To Remove Scraped Data To Maintain Access to ...,https://searchengineland.com/raven-tools-to-remove-scraped-data-to-maintain-access-to-adwords-api-141888,"Dec 7, 2012 - Uploaded by MarTech Conference"
Data Scraping Automation Webinar | HelpSystems,https://www.helpsystems.com/resources/on-demand-webinars/automate-data-scraping,"Feb 24, 2017"
How to scrape product data from Amazon - Amazon scraper ...,https://www.scrapestorm.com/tutorial/how-to-scrape-product-data-from-amazon/,"Apr 19, 2019 - Uploaded by Scraping Tutorial"
How to Scrape Article Data from Medium - Medium Scraper ...,https://www.scrapestorm.com/tutorial/how-to-scrape-article-data-from-medium/,"Mar 7, 2019 - Uploaded by Scraping Tutorial"
Scraping Best Practises - What You Have To Do Before Scraping A ...,http://scrapingauthority.com/scraping-best-practises,"Jul 8, 2017 - Uploaded by Scraping Authority"
An Intro to Web Scraping With lxml and Python – Python Tips,https://pythontips.com/2018/06/20/an-intro-to-web-scraping-with-lxml-and-python/,"Jun 20, 2018 - Uploaded by Yasoob Khalid"
Web scraping and parsing with Beautiful Soup & Python Introduction p ...,https://www.youtube.com/watch?v=aIPqt-OdmS0,"Oct 24, 2016 - Uploaded by sentdex"
Screen Scraping. Robotic Process Automation (RPA) for Windows ...,https://ui.vision/x/desktop-automation/screen-scraping,"May 12, 2019 - Uploaded by UI.Vision"
WebHarvy Web Scraper Advantages,https://www.webharvy.com/articles/advantages-webharvy-web-scraper.html,"Jan 15, 2017"
Scraping product listings data from AliExpress - WebHarvy,https://www.webharvy.com/articles/scraping-aliexpress.html,"Jan 18, 2017 - Uploaded by sysnucleus"
